region,year,local_authority,price_to_earnings_ratio,median_house_price,median_earnings,data_source,data_quality,created_date,affordability_category,affordability_index,ftb_accessible,ftb_accessibility_gap,stress_level,price_change_yoy,earnings_change_yoy,ratio_change_yoy,price_change_3yr,ratio_change_3yr,price_trend,affordability_trend,price_volatility,regional_affordability_rank,regional_price_rank,regional_median_ratio,vs_regional_median,above_regional_median,high_ratio,rapid_growth,earnings_lag,crisis_score,crisis_status,is_crisis_area,monthly_mortgage,monthly_income,housing_cost_ratio,housing_burden,required_deposit,deposit_years_saving
South West,2018,Bath and North East Somerset,8.13,501000.0,61100.0,SAMPLE_DATA,HIGH,2025-09-16T13:18:30.069552,Unaffordable,48.7,False,3.630000000000001,High Stress,,,,,,Unknown,Unknown,,2.0,1.0,7.5200000000000005,0.6100000000000003,True,True,False,False,1,Watch,False,2928.7961079549805,5091.666666666667,0.5752136382235641,Severe Burden,50100.0,4.099836333878887
South West,2019,Bath and North East Somerset,8.3,460000.0,57500.0,SAMPLE_DATA,HIGH,2025-09-16T13:18:30.069557,Unaffordable,47.0,False,3.8000000000000007,High Stress,-8.183632734530944,-5.891980360065463,2.091020910209096,,,Declining,Stable,,2.0,1.0,7.45,0.8500000000000005,True,True,False,False,1,Watch,False,2689.114190936709,4791.666666666667,0.5612064398476609,Severe Burden,46000.0,4.0
South West,2020,Bath and North East Somerset,7.49,519000.0,66500.0,SAMPLE_DATA,HIGH,2025-09-16T13:18:30.069561,Stretched,55.1,False,2.99,High Stress,12.826086956521742,15.652173913043477,-9.759036144578314,,,Rising Fast,Declining,,2.0,1.0,7.255,0.23500000000000032,True,False,False,False,0,Stable,False,3034.0223154264168,5541.666666666667,0.5474927486483759,Severe Burden,51900.0,3.9022556390977443
South West,2021,Bath and North East Somerset,7.72,637000.0,83500.0,SAMPLE_DATA,HIGH,2025-09-16T13:18:30.069565,Stretched,52.8,False,3.2199999999999998,High Stress,22.736030828516384,25.563909774436098,3.0707610146862407,27.145708582834338,-5.043050430504314,Rising Fast,Stable,15.788397131515746,2.0,1.0,7.27,0.4500000000000002,True,False,True,False,1,Watch,False,3723.8385644058335,6958.333333333333,0.5351624284176049,Severe Burden,63700.0,3.81437125748503
South West,2022,Bath and North East Somerset,7.26,585000.0,78400.0,SAMPLE_DATA,HIGH,2025-09-16T13:18:30.069569,Stretched,57.4,False,2.76,High Stress,-8.163265306122447,-6.10778443113772,-5.958549222797926,27.173913043478272,-12.530120481927721,Declining,Declining,15.777232528591936,2.0,1.0,6.779999999999999,0.4800000000000004,True,False,False,False,0,Stable,False,3419.8517428216833,6533.333333333333,0.5234466953298496,Severe Burden,58500.0,3.7308673469387754
South West,2023,Bath and North East Somerset,7.22,554000.0,76000.0,SAMPLE_DATA,HIGH,2025-09-16T13:18:30.069573,Stretched,57.8,False,2.7199999999999998,High Stress,-5.2991452991453025,-3.0612244897959218,-0.5509641873278293,6.743737957610785,-3.604806408544736,Declining,Stable,17.073082056947054,2.0,1.0,6.734999999999999,0.4850000000000003,True,False,False,False,0,Stable,False,3238.62882995421,6333.333333333333,0.5113624468348753,Severe Burden,55400.0,3.6447368421052633
South West,2024,Bath and North East Somerset,7.35,594000.0,83300.0,SAMPLE_DATA,HIGH,2025-09-16T13:18:30.069577,Stretched,56.5,False,2.8499999999999996,High Stress,7.2202166064981865,9.60526315789474,1.8005540166204925,-6.750392464678178,-4.792746113989644,Rising,Stable,8.181168637942974,2.0,1.0,6.66,0.6899999999999995,True,False,False,False,0,Stable,False,3472.464846557402,6941.666666666667,0.5002350319170327,Severe Burden,59400.0,3.565426170468187
West Midlands,2018,Birmingham,5.75,221000.0,38200.0,SAMPLE_DATA,HIGH,2025-09-16T13:18:30.069582,Affordable,72.5,False,1.25,Moderate Stress,,,,,,Unknown,Unknown,,2.0,1.0,5.585,0.16500000000000004,True,False,False,False,0,Stable,False,1291.943991732636,3183.3333333333335,0.4058462801254354,High Burden,22100.0,2.892670157068063
West Midlands,2019,Birmingham,5.5,243000.0,43000.0,SAMPLE_DATA,HIGH,2025-09-16T13:18:30.069586,Affordable,75.0,False,1.0,Moderate Stress,9.954751131221728,12.565445026178,-4.347826086956519,,,Rising,Stable,,2.0,1.0,5.26,0.2400000000000002,True,False,False,False,0,Stable,False,1420.5538008643916,3583.3333333333335,0.39643361884587675,High Burden,24300.0,2.8255813953488373
West Midlands,2020,Birmingham,5.35,232000.0,42100.0,SAMPLE_DATA,HIGH,2025-09-16T13:18:30.069590,Affordable,76.5,False,0.8499999999999996,Moderate Stress,-4.526748971193417,-2.0930232558139528,-2.7272727272727337,,,Stable,Stable,,2.0,1.0,5.3,0.04999999999999982,True,False,False,False,0,Stable,False,1356.248896298514,3508.3333333333335,0.386579257852308,High Burden,23200.0,2.7553444180522564
West Midlands,2021,Birmingham,5.18,279000.0,51800.0,SAMPLE_DATA,HIGH,2025-09-16T13:18:30.069593,Affordable,78.2,False,0.6799999999999997,Moderate Stress,20.25862068965518,23.04038004750595,-3.1775700934579376,26.24434389140271,-9.913043478260875,Rising Fast,Stable,12.45122565799833,2.0,1.0,5.115,0.0649999999999995,True,False,True,False,1,Watch,False,1631.0062158072647,4316.666666666667,0.3778392777931887,High Burden,27900.0,2.693050193050193
West Midlands,2022,Birmingham,5.2,299000.0,56700.0,SAMPLE_DATA,HIGH,2025-09-16T13:18:30.069598,Affordable,78.0,False,0.7000000000000002,Moderate Stress,7.168458781362008,9.459459459459453,0.38610038610038533,23.04526748971194,-5.454545454545457,Rising,Stable,12.399225596690009,2.0,1.0,4.92,0.28000000000000025,True,False,False,False,0,Stable,False,1747.9242241088605,4725.0,0.36993105272145194,High Burden,29900.0,2.63668430335097
West Midlands,2023,Birmingham,4.99,265000.0,51400.0,SAMPLE_DATA,HIGH,2025-09-16T13:18:30.069601,Affordable,80.1,False,0.4900000000000002,Moderate Stress,-11.371237458193983,-9.34744268077602,-4.038461538461535,14.224137931034475,-6.728971962616814,Declining Fast,Stable,15.892978543439638,2.0,1.0,4.91,0.08000000000000007,True,False,False,False,0,Stable,False,1549.1636099961472,4283.333333333333,0.36167243813139627,High Burden,26500.0,2.577821011673152
West Midlands,2024,Birmingham,5.27,248000.0,49100.0,SAMPLE_DATA,HIGH,2025-09-16T13:18:30.069605,Affordable,77.3,False,0.7699999999999996,Moderate Stress,-6.41509433962264,-4.47470817120622,5.611222444889763,-11.111111111111116,1.737451737451745,Declining,Rising,9.598581550220327,2.0,1.0,5.045,0.22499999999999964,True,False,False,False,0,Stable,False,1449.7833029397907,4091.6666666666665,0.354325858152291,High Burden,24800.0,2.525458248472505
South East,2018,Brighton and Hove,9.05,474000.0,54500.0,SAMPLE_DATA,HIGH,2025-09-16T13:18:30.069462,Unaffordable,39.5,False,4.550000000000001,High Stress,,,,,,Unknown,Unknown,,3.0,3.0,8.66,0.39000000000000057,True,True,False,False,1,Watch,False,2770.9567967478256,4541.666666666667,0.6101189277242919,Severe Burden,47400.0,4.348623853211009
South East,2019,Brighton and Hove,8.34,516000.0,60800.0,SAMPLE_DATA,HIGH,2025-09-16T13:18:30.069466,Unaffordable,46.6,False,3.84,High Stress,8.860759493670889,11.559633027522942,-7.845303867403319,,,Rising,Declining,,1.0,3.0,8.55,-0.21000000000000085,False,True,False,False,1,Watch,False,3016.484614181177,5066.666666666667,0.5953588054304955,Severe Burden,51600.0,4.243421052631579
South East,2020,Brighton and Hove,8.19,529000.0,63900.0,SAMPLE_DATA,HIGH,2025-09-16T13:18:30.069471,Unaffordable,48.1,False,3.6899999999999995,High Stress,2.519379844961245,5.098684210526305,-1.7985611510791366,,,Stable,Stable,,2.0,2.0,8.19,0.0,False,True,False,False,1,Watch,False,3092.481319577215,5325.0,0.5807476656483033,Severe Burden,52900.0,4.139280125195618
South East,2021,Brighton and Hove,8.45,578000.0,71400.0,SAMPLE_DATA,HIGH,2025-09-16T13:18:30.069475,Unaffordable,45.5,False,3.9499999999999993,High Stress,9.262759924385634,11.737089201877925,3.1746031746031633,21.940928270042193,-6.629834254143663,Rising,Stable,3.7825889522684806,3.0,3.0,8.3,0.14999999999999858,True,True,False,False,1,Watch,False,3378.930439916125,5950.0,0.5678874688934664,Severe Burden,57800.0,4.0476190476190474
South East,2022,Brighton and Hove,8.11,670000.0,84700.0,SAMPLE_DATA,HIGH,2025-09-16T13:18:30.069479,Unaffordable,48.9,False,3.6099999999999994,High Stress,15.916955017301039,18.627450980392158,-4.023668639053257,29.844961240310084,-2.7577937649880147,Rising Fast,Stable,6.698837059876547,2.0,2.0,8.11,0.0,False,True,True,False,2,Concern,True,3916.7532781034665,7058.333333333333,0.5549119166144226,Severe Burden,67000.0,3.9551357733175916
South East,2023,Brighton and Hove,8.11,509000.0,65900.0,SAMPLE_DATA,HIGH,2025-09-16T13:18:30.069483,Unaffordable,48.9,False,3.6099999999999994,High Stress,-24.029850746268654,-22.195985832349475,0.0,-3.7807183364839347,-0.9768009768009733,Declining Fast,Stable,21.402583677034215,2.0,3.0,8.11,0.0,False,True,False,False,1,Watch,False,2975.563311275619,5491.666666666667,0.5418324694280338,Severe Burden,50900.0,3.8619119878603945
South East,2024,Brighton and Hove,7.78,523000.0,69100.0,SAMPLE_DATA,HIGH,2025-09-16T13:18:30.069487,Stretched,52.2,False,3.2800000000000002,High Stress,2.7504911591355707,4.855842185128978,-4.069050554870524,-9.515570934256058,-7.928994082840224,Stable,Stable,20.3563658094591,3.0,3.0,7.69,0.08999999999999986,True,False,False,False,0,Stable,False,3057.405917086736,5758.333333333333,0.5309532706952363,Severe Burden,52300.0,3.784370477568741
South West,2018,Bristol,6.91,372000.0,52400.0,SAMPLE_DATA,HIGH,2025-09-16T13:18:30.069750,Stretched,60.9,False,2.41,Moderate Stress,,,,,,Unknown,Unknown,,1.0,2.0,7.5200000000000005,-0.6100000000000003,False,False,False,False,0,Stable,False,2174.674954409686,4366.666666666667,0.4980171651319891,High Burden,37200.0,3.549618320610687
South West,2019,Bristol,6.6,404000.0,58400.0,SAMPLE_DATA,HIGH,2025-09-16T13:18:30.069754,Stretched,64.0,False,2.0999999999999996,Moderate Stress,8.602150537634401,11.45038167938932,-4.486251808972508,,,Rising,Stable,,1.0,2.0,7.45,-0.8500000000000005,False,False,False,False,0,Stable,False,2361.7437676922395,4866.666666666667,0.48528981527922727,High Burden,40400.0,3.458904109589041
South West,2020,Bristol,7.02,443000.0,65500.0,SAMPLE_DATA,HIGH,2025-09-16T13:18:30.069758,Stretched,59.8,False,2.5199999999999996,High Stress,9.653465346534663,12.157534246575352,6.363636363636371,,,Rising,Rising,,1.0,2.0,7.255,-0.23500000000000032,False,False,False,False,0,Stable,False,2589.733883880352,5458.333333333333,0.47445506269563703,High Burden,44300.0,3.381679389312977
South West,2021,Bristol,6.82,468000.0,70900.0,SAMPLE_DATA,HIGH,2025-09-16T13:18:30.069762,Stretched,61.8,False,2.3200000000000003,Moderate Stress,5.643340857787815,8.244274809160302,-2.849002849002835,25.806451612903224,-1.302460202604916,Rising,Stable,2.0792993998064992,1.0,2.0,7.27,-0.4499999999999993,False,False,False,False,0,Stable,False,2735.881394257347,5908.333333333333,0.46305467885878937,High Burden,46800.0,3.300423131170663
South West,2022,Bristol,6.3,480000.0,74400.0,SAMPLE_DATA,HIGH,2025-09-16T13:18:30.069766,Stretched,67.0,False,1.7999999999999998,Moderate Stress,2.564102564102555,4.9365303244005565,-7.624633431085048,18.811881188118807,-4.545454545454541,Stable,Declining,3.554852822679592,1.0,2.0,6.779999999999999,-0.47999999999999954,False,False,False,False,0,Stable,False,2806.0321992383047,6200.0,0.45258583858682333,High Burden,48000.0,3.225806451612903
South West,2023,Bristol,6.25,453000.0,71800.0,SAMPLE_DATA,HIGH,2025-09-16T13:18:30.069770,Stretched,67.5,False,1.75,Moderate Stress,-5.625000000000002,-3.4946236559139754,-0.7936507936507908,2.257336343115135,-10.96866096866096,Declining,Stable,5.824068093723649,1.0,2.0,6.734999999999999,-0.48499999999999943,False,False,False,False,0,Stable,False,2648.19288803115,5983.333333333333,0.44259491164866016,High Burden,45300.0,3.1545961002785514
South West,2024,Bristol,5.97,413000.0,66900.0,SAMPLE_DATA,HIGH,2025-09-16T13:18:30.069774,Affordable,70.3,False,1.4699999999999998,Moderate Stress,-8.830022075055188,-6.824512534818938,-4.480000000000006,-11.752136752136755,-12.46334310850441,Declining,Stable,5.875934586651493,1.0,2.0,6.66,-0.6900000000000004,False,False,False,False,0,Stable,False,2414.3568714279577,5575.0,0.4330684971171225,High Burden,41300.0,3.086696562032885
South East,2018,Cambridge,8.57,529000.0,60100.0,SAMPLE_DATA,HIGH,2025-09-16T13:18:30.069523,Unaffordable,44.3,False,4.07,High Stress,,,,,,Unknown,Unknown,,1.0,1.0,8.66,-0.08999999999999986,False,True,False,False,1,Watch,False,3092.481319577215,5008.333333333333,0.6174671519954505,Severe Burden,52900.0,4.400998336106489
South East,2019,Cambridge,8.83,554000.0,64500.0,SAMPLE_DATA,HIGH,2025-09-16T13:18:30.069527,Unaffordable,41.7,False,4.33,High Stress,4.725897920604916,7.321131447587348,3.033838973162184,,,Stable,Stable,,3.0,2.0,8.55,0.27999999999999936,True,True,False,False,1,Watch,False,3238.62882995421,5375.0,0.6025355962705506,Severe Burden,55400.0,4.294573643410852
South East,2020,Cambridge,8.03,543000.0,64800.0,SAMPLE_DATA,HIGH,2025-09-16T13:18:30.069532,Unaffordable,49.7,False,3.5299999999999994,High Stress,-1.9855595667869985,0.46511627906977715,-9.06002265005663,,,Stable,Declining,,1.0,1.0,8.19,-0.16000000000000014,False,True,False,False,1,Watch,False,3174.323925388332,5400.0,0.5878377639608022,Severe Burden,54300.0,4.189814814814815
South East,2021,Cambridge,8.28,615000.0,75100.0,SAMPLE_DATA,HIGH,2025-09-16T13:18:30.069536,Unaffordable,47.2,False,3.7799999999999994,High Stress,13.259668508287303,15.895061728395055,3.1133250311332406,16.257088846880908,-3.3838973162193753,Rising Fast,Stable,7.640744740199257,1.0,2.0,8.3,-0.02000000000000135,False,True,False,False,1,Watch,False,3595.2287552740777,6258.333333333333,0.5744706399905317,Severe Burden,61500.0,4.094540612516645
South East,2022,Cambridge,7.74,732000.0,91500.0,SAMPLE_DATA,HIGH,2025-09-16T13:18:30.069540,Stretched,52.6,False,3.24,High Stress,19.024390243902435,21.837549933422107,-6.521739130434778,32.129963898916955,-12.34428086070215,Rising Fast,Declining,10.855620562622512,1.0,1.0,8.11,-0.3699999999999992,False,False,True,False,1,Watch,False,4279.199103838415,7625.0,0.5612064398476609,Severe Burden,73200.0,4.0
South East,2023,Cambridge,7.68,543000.0,69400.0,SAMPLE_DATA,HIGH,2025-09-16T13:18:30.069544,Stretched,53.2,False,3.1799999999999997,High Stress,-25.81967213114754,-24.15300546448087,-0.7751937984496138,0.0,-4.358655043586546,Declining Fast,Stable,24.397461656899985,1.0,2.0,8.11,-0.4299999999999997,False,False,False,False,0,Stable,False,3174.323925388332,5783.333333333333,0.5488744539576367,Severe Burden,54300.0,3.9121037463976944
South East,2024,Cambridge,7.69,636000.0,83100.0,SAMPLE_DATA,HIGH,2025-09-16T13:18:30.069548,Stretched,53.1,False,3.1900000000000004,High Stress,17.12707182320441,19.74063400576369,0.13020833333334814,3.4146341463414664,-7.125603864734287,Rising Fast,Stable,25.36077208264619,2.0,2.0,7.69,0.0,False,False,True,False,1,Watch,False,3717.992663990754,6925.0,0.5368942475076901,Severe Burden,63600.0,3.8267148014440435
London,2018,Camden,9.9,677000.0,69100.0,SAMPLE_DATA,HIGH,2025-09-16T13:18:30.069343,Unaffordable,31.0,False,5.4,High Stress,,,,,,Unknown,Unknown,,4.0,4.0,9.315000000000001,0.5849999999999991,True,True,False,False,1,Watch,False,3957.674581009025,5758.333333333333,0.6872951515500478,Severe Burden,67700.0,4.898697539797395
London,2019,Camden,9.7,706000.0,73800.0,SAMPLE_DATA,HIGH,2025-09-16T13:18:30.069347,Unaffordable,33.0,False,5.199999999999999,High Stress,4.283604135893659,6.801736613603482,-2.020202020202033,,,Stable,Stable,,4.0,4.0,9.305,0.3949999999999996,True,True,False,False,1,Watch,False,4127.20569304634,6150.0,0.6710903565929007,Severe Burden,70600.0,4.7831978319783195
London,2020,Camden,9.74,745000.0,79800.0,SAMPLE_DATA,HIGH,2025-09-16T13:18:30.069352,Unaffordable,32.6,False,5.24,High Stress,5.524079320113318,8.130081300813007,0.4123711340206171,,,Rising,Stable,,4.0,3.0,9.27,0.47000000000000064,True,True,False,False,1,Watch,False,4355.195809234452,6650.0,0.6549166630427747,Severe Burden,74500.0,4.667919799498747
London,2021,Camden,9.22,897000.0,98400.0,SAMPLE_DATA,HIGH,2025-09-16T13:18:30.069356,Unaffordable,37.8,False,4.720000000000001,High Stress,20.4026845637584,23.308270676691723,-5.338809034907587,32.496307237813895,-6.8686868686868685,Rising Fast,Declining,8.969730825753727,4.0,3.0,8.775,0.4450000000000003,True,True,True,False,2,Concern,True,5243.772672326581,8200.0,0.639484472234949,Severe Burden,89700.0,4.557926829268292
London,2022,Camden,8.73,987000.0,110800.0,SAMPLE_DATA,HIGH,2025-09-16T13:18:30.069360,Unaffordable,42.7,False,4.23,High Stress,10.033444816053505,12.601626016260159,-5.314533622559658,39.80169971671388,-9.999999999999986,Rising Fast,Declining,7.629202711921933,4.0,3.0,8.34,0.39000000000000057,True,True,False,False,1,Watch,False,5769.903709683764,9233.333333333334,0.6248993187383137,Severe Burden,98700.0,4.453971119133574
London,2023,Camden,8.64,857000.0,98300.0,SAMPLE_DATA,HIGH,2025-09-16T13:18:30.069365,Unaffordable,43.6,False,4.140000000000001,High Stress,-13.171225937183383,-11.281588447653434,-1.0309278350515427,15.033557046979862,-11.293634496919914,Declining Fast,Stable,17.19101191532346,4.0,3.0,8.36,0.28000000000000114,True,True,False,False,1,Watch,False,5009.93665572339,8191.666666666667,0.6115894188065175,Severe Burden,85700.0,4.359104781281791
London,2024,Camden,8.12,805000.0,94500.0,SAMPLE_DATA,HIGH,2025-09-16T13:18:30.069369,Unaffordable,48.8,False,3.619999999999999,High Stress,-6.06767794632439,-3.8657171922685696,-6.018518518518534,-10.256410256410254,-11.93058568329719,Declining,Declining,11.88951423898195,4.0,3.0,8.07,0.049999999999998934,True,True,False,False,1,Watch,False,4705.94983413924,7875.0,0.5975809313192686,Severe Burden,80500.0,4.2592592592592595
Wales,2018,Cardiff,5.61,252000.0,44300.0,SAMPLE_DATA,HIGH,2025-09-16T13:18:30.069864,Affordable,73.9,False,1.1100000000000003,Moderate Stress,,,,,,Unknown,Unknown,,2.0,1.0,5.1,0.5100000000000007,True,False,False,False,0,Stable,False,1473.16690460011,3691.6666666666665,0.3990519831873887,High Burden,25200.0,2.8442437923250563
Wales,2019,Cardiff,5.57,251000.0,45100.0,SAMPLE_DATA,HIGH,2025-09-16T13:18:30.069868,Affordable,74.3,False,1.0700000000000003,Moderate Stress,-0.3968253968253954,1.8058690744920947,-0.7130124777183555,,,Stable,Stable,,2.0,1.0,5.135,0.4350000000000005,True,False,False,False,0,Stable,False,1467.32100418503,3758.3333333333335,0.3904180055481233,High Burden,25100.0,2.7827050997782705
Wales,2020,Cardiff,5.19,263000.0,48400.0,SAMPLE_DATA,HIGH,2025-09-16T13:18:30.069872,Affordable,78.1,False,0.6900000000000004,Moderate Stress,4.7808764940239,7.317073170731714,-6.822262118491917,,,Stable,Declining,,2.0,1.0,4.68,0.5100000000000007,True,False,False,False,0,Stable,False,1537.4718091659877,4033.3333333333335,0.3811913576444597,High Burden,26300.0,2.7169421487603307
Wales,2021,Cardiff,5.23,333000.0,62800.0,SAMPLE_DATA,HIGH,2025-09-16T13:18:30.069876,Affordable,77.7,False,0.7300000000000004,Moderate Stress,26.615969581749056,29.75206611570247,0.7707129094412402,32.14285714285714,-6.773618538324422,Rising Fast,Stable,14.33684634996265,2.0,1.0,4.76,0.47000000000000064,True,False,True,False,1,Watch,False,1946.6848382215737,5233.333333333333,0.37197799456463193,High Burden,33300.0,2.6512738853503186
Wales,2022,Cardiff,5.16,295000.0,56900.0,SAMPLE_DATA,HIGH,2025-09-16T13:18:30.069880,Affordable,78.4,False,0.6600000000000001,Moderate Stress,-11.41141141141141,-9.39490445859873,-1.3384321223709472,17.529880478087655,-7.360861759425497,Declining Fast,Stable,19.083339954705306,2.0,1.0,4.615,0.5449999999999999,True,False,False,False,0,Stable,False,1724.5406224485412,4741.666666666667,0.3636992525374779,High Burden,29500.0,2.5922671353251316
Wales,2023,Cardiff,5.17,288000.0,56800.0,SAMPLE_DATA,HIGH,2025-09-16T13:18:30.069884,Affordable,78.3,False,0.6699999999999999,Moderate Stress,-2.3728813559321993,-0.17574692442882123,0.19379844961240345,9.505703422053235,-0.3853564547206201,Stable,Stable,19.866765419706542,2.0,1.0,4.68,0.4900000000000002,True,False,False,False,0,Stable,False,1683.6193195429828,4733.333333333333,0.35569422243865834,High Burden,28800.0,2.535211267605634
Wales,2024,Cardiff,4.73,264000.0,53200.0,SAMPLE_DATA,HIGH,2025-09-16T13:18:30.069888,Affordable,82.7,False,0.23000000000000043,Moderate Stress,-8.333333333333337,-6.338028169014088,-8.51063829787233,-20.72072072072072,-9.560229445506696,Declining,Declining,4.595225384270275,2.0,1.0,4.43,0.3000000000000007,True,False,False,False,0,Stable,False,1543.3177095810674,4433.333333333333,0.3481167765972333,Moderate Burden,26400.0,2.481203007518797
West Midlands,2018,Coventry,5.42,198000.0,37400.0,SAMPLE_DATA,HIGH,2025-09-16T13:18:30.069836,Affordable,75.8,False,0.9199999999999999,Moderate Stress,,,,,,Unknown,Unknown,,1.0,2.0,5.585,-0.16500000000000004,False,False,False,False,0,Stable,False,1157.4882821858005,3116.6666666666665,0.37138661460506966,High Burden,19800.0,2.6470588235294117
West Midlands,2019,Coventry,5.02,190000.0,36700.0,SAMPLE_DATA,HIGH,2025-09-16T13:18:30.069840,Affordable,79.8,False,0.5199999999999996,Moderate Stress,-4.040404040404044,-1.8716577540106916,-7.380073800738018,,,Stable,Declining,,1.0,2.0,5.26,-0.2400000000000002,False,False,False,False,0,Stable,False,1110.721078865162,3058.3333333333335,0.3631785543973282,High Burden,19000.0,2.5885558583106265
West Midlands,2020,Coventry,5.25,211000.0,41700.0,SAMPLE_DATA,HIGH,2025-09-16T13:18:30.069844,Affordable,77.5,False,0.75,Moderate Stress,11.05263157894736,13.623978201634879,4.5816733067729265,,,Rising Fast,Stable,,1.0,2.0,5.3,-0.04999999999999982,False,False,False,False,0,Stable,False,1233.4849875818381,3475.0,0.35495970865664406,High Burden,21100.0,2.529976019184652
West Midlands,2021,Coventry,5.05,233000.0,47200.0,SAMPLE_DATA,HIGH,2025-09-16T13:18:30.069848,Affordable,79.5,False,0.5499999999999998,Moderate Stress,10.426540284360186,13.18944844124701,-3.809523809523818,17.676767676767668,-6.826568265682664,Rising Fast,Stable,8.53897137259514,1.0,2.0,5.115,-0.06500000000000039,False,False,False,False,0,Stable,False,1362.0947967135937,3933.3333333333335,0.3462952873000662,Moderate Burden,23300.0,2.468220338983051
West Midlands,2022,Coventry,4.64,244000.0,50700.0,SAMPLE_DATA,HIGH,2025-09-16T13:18:30.069852,Affordable,83.6,False,0.13999999999999968,Moderate Stress,4.7210300429184615,7.415254237288127,-8.118811881188126,28.421052631578945,-7.569721115537842,Stable,Declining,3.4888874882832774,1.0,2.0,4.92,-0.28000000000000025,False,False,False,False,0,Stable,False,1426.3997012794716,4225.0,0.33760939675253765,Moderate Burden,24400.0,2.4063116370808677
West Midlands,2023,Coventry,4.83,237000.0,50200.0,SAMPLE_DATA,HIGH,2025-09-16T13:18:30.069856,Affordable,81.7,False,0.33000000000000007,Moderate Stress,-2.868852459016391,-0.9861932938856066,4.094827586206895,12.32227488151658,-7.9999999999999964,Stable,Stable,6.669915438107191,1.0,2.0,4.91,-0.08000000000000007,False,False,False,False,0,Stable,False,1385.4783983739128,4183.333333333333,0.33119005538818636,Moderate Burden,23700.0,2.360557768924303
West Midlands,2024,Coventry,4.82,246000.0,53500.0,SAMPLE_DATA,HIGH,2025-09-16T13:18:30.069860,Affordable,81.8,False,0.3200000000000003,Moderate Stress,3.797468354430378,6.573705179282863,-0.20703933747411307,5.579399141630903,-4.554455445544548,Stable,Stable,4.141238055087181,1.0,2.0,5.045,-0.22499999999999964,False,False,False,False,0,Stable,False,1438.0915021096312,4458.333333333333,0.32256257991244064,Moderate Burden,24600.0,2.2990654205607477
Scotland,2018,Edinburgh,7.13,323000.0,47500.0,SAMPLE_DATA,HIGH,2025-09-16T13:18:30.069920,Stretched,58.7,False,2.63,High Stress,,,,,,Unknown,Unknown,,2.0,1.0,6.074999999999999,1.0550000000000006,True,False,False,False,0,Stable,False,1888.2258340707756,3958.3333333333335,0.4770254738705117,High Burden,32300.0,3.4
Scotland,2019,Edinburgh,6.7,333000.0,50300.0,SAMPLE_DATA,HIGH,2025-09-16T13:18:30.069924,Stretched,63.0,False,2.2,Moderate Stress,3.0959752321981338,5.894736842105264,-6.030855539971947,,,Stable,Declining,,2.0,1.0,5.71,0.9900000000000002,True,False,False,False,0,Stable,False,1946.6848382215737,4191.666666666667,0.46441785404888436,High Burden,33300.0,3.3101391650099403
Scotland,2020,Edinburgh,6.33,368000.0,56800.0,SAMPLE_DATA,HIGH,2025-09-16T13:18:30.069928,Stretched,66.7,False,1.83,Moderate Stress,10.510510510510507,12.922465208747514,-5.5223880597014885,,,Rising Fast,Declining,,2.0,1.0,5.55,0.7800000000000002,True,False,False,False,0,Stable,False,2151.2913527493665,4733.333333333333,0.4544981731160634,High Burden,36800.0,3.23943661971831
Scotland,2021,Edinburgh,6.63,405000.0,64000.0,SAMPLE_DATA,HIGH,2025-09-16T13:18:30.069932,Stretched,63.7,False,2.13,Moderate Stress,10.054347826086962,12.676056338028175,4.739336492891,25.386996904024773,-7.012622720897621,Rising Fast,Stable,4.155365345818632,2.0,1.0,5.640000000000001,0.9899999999999993,True,False,False,False,0,Stable,False,2367.5896681073195,5333.333333333333,0.44392306277012245,High Burden,40500.0,3.1640625
Scotland,2022,Edinburgh,6.12,450000.0,72800.0,SAMPLE_DATA,HIGH,2025-09-16T13:18:30.069936,Stretched,68.8,False,1.62,Moderate Stress,11.111111111111116,13.749999999999996,-7.692307692307687,35.13513513513513,-8.656716417910449,Rising Fast,Declining,0.5300242316280417,2.0,1.0,5.335,0.7850000000000001,True,False,False,False,0,Stable,False,2630.6551867859102,6066.666666666667,0.4336244813383368,High Burden,45000.0,3.090659340659341
Scotland,2023,Edinburgh,6.26,355000.0,58800.0,SAMPLE_DATA,HIGH,2025-09-16T13:18:30.069940,Stretched,67.4,False,1.7599999999999998,Moderate Stress,-21.111111111111114,-19.23076923076923,2.287581699346397,-3.532608695652173,-1.1058451816745696,Declining Fast,Stable,18.306074512508257,2.0,1.0,5.3149999999999995,0.9450000000000003,True,False,False,False,0,Stable,False,2075.2946473533298,4900.0,0.4235295198680265,High Burden,35500.0,3.0187074829931975
Scotland,2024,Edinburgh,6.15,361000.0,61100.0,SAMPLE_DATA,HIGH,2025-09-16T13:18:30.069944,Stretched,68.5,False,1.6500000000000004,Moderate Stress,1.6901408450704203,3.911564625850339,-1.757188498402551,-10.864197530864194,-7.239819004524883,Stable,Stable,16.567656123006493,2.0,1.0,5.220000000000001,0.9299999999999997,True,False,False,False,0,Stable,False,2110.3700498438084,5091.666666666667,0.41447529620500323,High Burden,36100.0,2.9541734860883797
Scotland,2018,Glasgow,5.02,175000.0,35700.0,SAMPLE_DATA,HIGH,2025-09-16T13:18:30.069950,Affordable,79.8,False,0.5199999999999996,Moderate Stress,,,,,,Unknown,Unknown,,1.0,2.0,6.074999999999999,-1.0549999999999997,False,False,False,False,0,Stable,False,1023.0325726389652,2975.0,0.3438764950046942,Moderate Burden,17500.0,2.450980392156863
Scotland,2019,Glasgow,4.72,167000.0,34900.0,SAMPLE_DATA,HIGH,2025-09-16T13:18:30.069954,Affordable,82.8,False,0.21999999999999975,Moderate Stress,-4.571428571428571,-2.2408963585434205,-5.976095617529875,,,Stable,Declining,,1.0,2.0,5.71,-0.9900000000000002,False,False,False,False,0,Stable,False,976.2653693183269,2908.3333333333335,0.3356786370148975,Moderate Burden,16700.0,2.3925501432664755
Scotland,2020,Glasgow,4.77,198000.0,42400.0,SAMPLE_DATA,HIGH,2025-09-16T13:18:30.069958,Affordable,82.3,False,0.2699999999999996,Moderate Stress,18.562874251497007,21.489971346704873,1.0593220338982912,,,Rising Fast,Stable,,1.0,2.0,5.55,-0.7800000000000002,False,False,True,False,1,Watch,False,1157.4882821858005,3533.3333333333335,0.3275910232601322,Moderate Burden,19800.0,2.3349056603773586
Scotland,2021,Glasgow,4.65,215000.0,47100.0,SAMPLE_DATA,HIGH,2025-09-16T13:18:30.069962,Affordable,83.5,False,0.15000000000000036,Moderate Stress,8.585858585858585,11.084905660377364,-2.51572327044024,22.857142857142865,-7.370517928286835,Rising,Stable,11.603526863519631,1.0,2.0,5.640000000000001,-0.9900000000000002,False,False,False,False,0,Stable,False,1256.8685892421572,3925.0,0.32022129662220566,Moderate Burden,21500.0,2.2823779193205946
Scotland,2022,Glasgow,4.55,244000.0,54800.0,SAMPLE_DATA,HIGH,2025-09-16T13:18:30.069966,Affordable,84.5,False,0.04999999999999982,Moderate Stress,13.488372093023248,16.348195329087044,-2.1505376344086113,46.10778443113772,-3.601694915254239,Rising Fast,Stable,4.9887548953735505,1.0,2.0,5.335,-0.7850000000000001,False,False,False,False,0,Stable,False,1426.3997012794716,4566.666666666667,0.31235029955024923,Moderate Burden,24400.0,2.2262773722627736
Scotland,2023,Glasgow,4.37,203000.0,46600.0,SAMPLE_DATA,HIGH,2025-09-16T13:18:30.069970,Affordable,86.3,True,0.0,Low Stress,-16.803278688524593,-14.963503649635035,-3.956043956043953,2.5252525252525304,-8.385744234800828,Declining Fast,Stable,16.2594948532473,1.0,2.0,5.3149999999999995,-0.9449999999999994,False,False,False,False,0,Stable,False,1186.7177842611995,3883.3333333333335,0.30559256247069516,Moderate Burden,20300.0,2.1781115879828326
Scotland,2024,Glasgow,4.29,197000.0,46200.0,SAMPLE_DATA,HIGH,2025-09-16T13:18:30.069974,Affordable,87.1,True,0.0,Low Stress,-2.9556650246305383,-0.8583690987124415,-1.830663615560646,-8.372093023255811,-7.741935483870977,Stable,Stable,15.164359905067366,1.0,2.0,5.220000000000001,-0.9300000000000006,False,False,False,False,0,Stable,False,1151.642381770721,3850.0,0.2991278913690184,Moderate Burden,19700.0,2.132034632034632
London,2018,Hackney,8.73,616000.0,69200.0,SAMPLE_DATA,HIGH,2025-09-16T13:18:30.069373,Unaffordable,42.7,False,4.23,High Stress,,,,,,Unknown,Unknown,,3.0,5.0,9.315000000000001,-0.5850000000000009,False,True,False,False,1,Watch,False,3601.074655689157,5766.666666666667,0.6244638131252873,Severe Burden,61600.0,4.4508670520231215
London,2019,Hackney,8.91,555000.0,63900.0,SAMPLE_DATA,HIGH,2025-09-16T13:18:30.069378,Unaffordable,40.9,False,4.41,High Stress,-9.9025974025974,-7.658959537572252,2.0618556701030855,,,Declining,Stable,,3.0,5.0,9.305,-0.3949999999999996,False,True,False,False,1,Watch,False,3244.4747303692893,5325.0,0.6092910291773314,Severe Burden,55500.0,4.342723004694836
London,2020,Hackney,8.8,602000.0,71000.0,SAMPLE_DATA,HIGH,2025-09-16T13:18:30.069382,Unaffordable,42.0,False,4.300000000000001,High Stress,8.46846846846847,11.111111111111116,-1.2345679012345623,,,Rising,Stable,,3.0,5.0,9.27,-0.46999999999999886,False,True,False,False,1,Watch,False,3519.2320498780405,5916.666666666667,0.5947997830779786,Severe Burden,60200.0,4.23943661971831
London,2021,Hackney,8.33,746000.0,90100.0,SAMPLE_DATA,HIGH,2025-09-16T13:18:30.069386,Unaffordable,46.7,False,3.83,High Stress,23.920265780730897,26.901408450704235,-5.340909090909096,21.103896103896112,-4.58190148911799,Rising Fast,Declining,16.932415536166257,3.0,5.0,8.775,-0.4450000000000003,False,True,True,False,2,Concern,True,4361.041709649531,7508.333333333333,0.5808268647701929,Severe Burden,74600.0,4.13984461709212
London,2022,Hackney,7.95,791000.0,97800.0,SAMPLE_DATA,HIGH,2025-09-16T13:18:30.069390,Stretched,50.5,False,3.45,High Stress,6.03217158176943,8.546059933407335,-4.56182472989195,42.522522522522536,-10.77441077441077,Rising,Stable,9.701181171815273,3.0,5.0,8.34,-0.3899999999999997,False,False,False,False,0,Stable,False,4624.107228328123,8150.0,0.5673751200402605,Severe Burden,79100.0,4.043967280163599
London,2023,Hackney,8.08,666000.0,84100.0,SAMPLE_DATA,HIGH,2025-09-16T13:18:30.069395,Unaffordable,49.2,False,3.58,High Stress,-15.802781289506951,-14.00817995910021,1.6352201257861632,10.6312292358804,-8.18181818181819,Declining Fast,Stable,19.8941764908985,3.0,5.0,8.36,-0.27999999999999936,False,True,False,False,1,Watch,False,3893.3696764431475,7008.333333333333,0.5555343176851102,Severe Burden,66600.0,3.9595719381688466
London,2024,Hackney,8.02,630000.0,81400.0,SAMPLE_DATA,HIGH,2025-09-16T13:18:30.069399,Unaffordable,49.8,False,3.5199999999999996,High Stress,-5.405405405405405,-3.210463733650415,-0.7425742574257432,-15.549597855227882,-3.7214885954381827,Declining,Stable,10.92160518959025,3.0,6.0,8.07,-0.05000000000000071,False,True,False,False,1,Watch,False,3682.9172615002744,6783.333333333333,0.5429362056265761,Severe Burden,63000.0,3.86977886977887
London,2018,Kensington and Chelsea,13.85,993000.0,75200.0,SAMPLE_DATA,HIGH,2025-09-16T13:18:30.069312,Crisis,0.0,False,9.35,Severe Stress,,,,,,Unknown,Unknown,,6.0,1.0,9.315000000000001,4.534999999999998,True,True,False,False,1,Watch,False,5804.979112174243,6266.666666666667,0.9263264540703579,Severe Burden,99300.0,6.602393617021277
London,2019,Kensington and Chelsea,12.8,998000.0,77500.0,SAMPLE_DATA,HIGH,2025-09-16T13:18:30.069316,Crisis,2.0,False,8.3,Severe Stress,0.5035246727089548,3.0585106382978733,-7.581227436823101,,,Stable,Declining,,6.0,1.0,9.305,3.495000000000001,True,True,False,False,1,Watch,False,5834.208614249642,6458.333333333333,0.9033613338192994,Severe Burden,99800.0,6.438709677419355
London,2020,Kensington and Chelsea,12.85,1005000.0,79900.0,SAMPLE_DATA,HIGH,2025-09-16T13:18:30.069321,Crisis,1.5,False,8.35,Severe Stress,0.7014028056112176,3.0967741935483906,0.390625,,,Stable,Stable,,6.0,1.0,9.27,3.58,True,True,False,False,1,Watch,False,5875.1299171552,6658.333333333333,0.8823724531397047,Severe Burden,100500.0,6.289111389236545
London,2021,Kensington and Chelsea,12.77,1258000.0,102500.0,SAMPLE_DATA,HIGH,2025-09-16T13:18:30.069325,Crisis,2.3,False,8.27,Severe Stress,25.17412935323382,28.285356695869844,-0.6225680933852118,26.68680765357503,-7.79783393501805,Rising Fast,Stable,14.186802762502717,6.0,1.0,8.775,3.994999999999999,True,True,True,False,2,Concern,True,7354.14272217039,8541.666666666666,0.8609728064979969,Severe Burden,125800.0,6.136585365853659
London,2022,Kensington and Chelsea,12.07,1296000.0,108000.0,SAMPLE_DATA,HIGH,2025-09-16T13:18:30.069330,Crisis,9.3,False,7.57,Severe Stress,3.0206677265500748,5.36585365853659,-5.481597494126856,29.859719438877754,-5.703124999999998,Stable,Declining,13.509682925548615,6.0,1.0,8.34,3.7300000000000004,True,True,False,False,1,Watch,False,7576.286937943422,9000.0,0.8418096597714914,Severe Burden,129600.0,6.0
London,2023,Kensington and Chelsea,12.18,1123000.0,95700.0,SAMPLE_DATA,HIGH,2025-09-16T13:18:30.069334,Crisis,8.2,False,7.68,Severe Stress,-13.348765432098764,-11.388888888888893,0.9113504556752305,11.741293532338304,-5.214007782101171,Declining Fast,Stable,19.333682295509675,6.0,1.0,8.36,3.8200000000000003,True,True,False,False,1,Watch,False,6564.946166134617,7975.0,0.8231907418350617,Severe Burden,112300.0,5.867293625914315
London,2024,Kensington and Chelsea,11.55,1057000.0,92100.0,SAMPLE_DATA,HIGH,2025-09-16T13:18:30.069338,Crisis,14.5,False,7.050000000000001,Severe Stress,-5.877114870881572,-3.7617554858934144,-5.172413793103436,-15.977742448330678,-9.553641346906804,Declining,Declining,8.195063953335636,6.0,1.0,8.07,3.4800000000000004,True,True,False,False,1,Watch,False,6179.11673873935,7675.0,0.8050966434839544,Severe Burden,105700.0,5.738327904451683
Yorkshire and Humber,2018,Leeds,5.58,196000.0,35600.0,SAMPLE_DATA,HIGH,2025-09-16T13:18:30.069666,Affordable,74.2,False,1.08,Moderate Stress,,,,,,Unknown,Unknown,,2.0,1.0,5.175,0.40500000000000025,True,False,False,False,0,Stable,False,1145.796481355641,2966.6666666666665,0.3862235330412273,High Burden,19600.0,2.752808988764045
Yorkshire and Humber,2019,Leeds,5.17,234000.0,43600.0,SAMPLE_DATA,HIGH,2025-09-16T13:18:30.069670,Affordable,78.3,False,0.6699999999999999,Moderate Stress,19.387755102040828,22.47191011235956,-7.347670250896055,,,Rising Fast,Declining,,2.0,1.0,4.885,0.28500000000000014,True,False,True,False,1,Watch,False,1367.9406971286735,3633.3333333333335,0.3764974395766991,High Burden,23400.0,2.68348623853211
Yorkshire and Humber,2020,Leeds,5.31,236000.0,45000.0,SAMPLE_DATA,HIGH,2025-09-16T13:18:30.069674,Affordable,76.9,False,0.8099999999999996,Moderate Stress,0.8547008547008517,3.2110091743119185,2.7079303675048294,,,Stable,Stable,,2.0,1.0,4.975,0.33499999999999996,True,False,False,False,0,Stable,False,1379.632497958833,3750.0,0.3679019994556888,High Burden,23600.0,2.6222222222222222
Yorkshire and Humber,2021,Leeds,4.86,279000.0,54500.0,SAMPLE_DATA,HIGH,2025-09-16T13:18:30.069678,Affordable,81.4,False,0.3600000000000003,Moderate Stress,18.220338983050844,21.111111111111104,-8.474576271186429,42.34693877551021,-12.903225806451612,Rising Fast,Declining,10.37948575905479,2.0,1.0,4.65,0.20999999999999996,True,False,True,False,1,Watch,False,1631.0062158072647,4541.666666666667,0.3591206346731592,High Burden,27900.0,2.5596330275229358
Yorkshire and Humber,2022,Leeds,4.99,292000.0,58400.0,SAMPLE_DATA,HIGH,2025-09-16T13:18:30.069682,Affordable,80.1,False,0.4900000000000002,Moderate Stress,4.659498207885315,7.1559633027522995,2.6748971193415683,24.786324786324787,-3.481624758220503,Stable,Stable,9.128145786823252,2.0,1.0,4.57,0.41999999999999993,True,False,False,False,0,Stable,False,1707.0029212033019,4866.666666666667,0.350754024904788,High Burden,29200.0,2.5
Yorkshire and Humber,2023,Leeds,5.11,236000.0,48200.0,SAMPLE_DATA,HIGH,2025-09-16T13:18:30.069686,Affordable,78.9,False,0.6100000000000003,Moderate Stress,-19.17808219178082,-17.46575342465754,2.4048096192384794,0.0,-3.766478342749513,Declining Fast,Stable,18.933077528539116,2.0,1.0,4.705,0.40500000000000025,True,False,False,False,0,Stable,False,1379.632497958833,4016.6666666666665,0.34347697044618253,Moderate Burden,23600.0,2.4481327800829877
Yorkshire and Humber,2024,Leeds,4.68,229000.0,47900.0,SAMPLE_DATA,HIGH,2025-09-16T13:18:30.069690,Affordable,83.2,False,0.17999999999999972,Moderate Stress,-2.9661016949152574,-0.6224066390041472,-8.414872798434459,-17.92114695340502,-3.70370370370372,Stable,Declining,12.173799220860133,2.0,1.0,4.42,0.2599999999999998,True,False,False,False,0,Stable,False,1338.7111950532744,3991.6666666666665,0.3353764998045782,Moderate Burden,22900.0,2.3903966597077244
East Midlands,2018,Leicester,5.31,172000.0,33700.0,SAMPLE_DATA,HIGH,2025-09-16T13:18:30.069806,Affordable,76.9,False,0.8099999999999996,Moderate Stress,,,,,,Unknown,Unknown,,2.0,1.0,5.085,0.22499999999999964,True,False,False,False,0,Stable,False,1005.4948713937257,2808.3333333333335,0.3580397168167569,High Burden,17200.0,2.5519287833827895
East Midlands,2019,Leicester,5.18,206000.0,41400.0,SAMPLE_DATA,HIGH,2025-09-16T13:18:30.069810,Affordable,78.2,False,0.6799999999999997,Moderate Stress,19.767441860465105,22.8486646884273,-2.4482109227871973,,,Rising Fast,Stable,,2.0,1.0,5.045,0.1349999999999998,True,False,True,False,1,Watch,False,1204.2554855064388,3450.0,0.3490595610163591,Moderate Burden,20600.0,2.4879227053140096
East Midlands,2020,Leicester,4.84,192000.0,39400.0,SAMPLE_DATA,HIGH,2025-09-16T13:18:30.069814,Affordable,81.6,False,0.33999999999999986,Moderate Stress,-6.796116504854366,-4.8309178743961345,-6.563706563706562,,,Declining,Declining,,2.0,1.0,4.755,0.08499999999999996,True,False,False,False,0,Stable,False,1122.4128796953216,3283.3333333333335,0.34185163848588473,Moderate Burden,19200.0,2.436548223350254
East Midlands,2021,Leicester,4.78,242000.0,51100.0,SAMPLE_DATA,HIGH,2025-09-16T13:18:30.069819,Affordable,82.2,False,0.28000000000000025,Moderate Stress,26.041666666666675,29.695431472081225,-1.2396694214875992,40.697674418604656,-9.981167608286245,Rising Fast,Stable,17.432290600904594,2.0,1.0,4.635,0.14500000000000046,True,False,True,False,1,Watch,False,1414.7079004493119,4258.333333333333,0.33222103337361536,Moderate Burden,24200.0,2.3679060665362037
East Midlands,2022,Leicester,4.86,258000.0,55700.0,SAMPLE_DATA,HIGH,2025-09-16T13:18:30.069823,Affordable,81.4,False,0.3600000000000003,Moderate Stress,6.6115702479338845,9.001956947162437,1.673640167364021,25.242718446601952,-6.177606177606165,Rising,Stable,16.51067692192932,2.0,1.0,4.77,0.09000000000000075,True,False,False,False,0,Stable,False,1508.2423070905886,4641.666666666667,0.3249355060159257,Moderate Burden,25800.0,2.3159784560143626
East Midlands,2023,Leicester,4.38,206000.0,45500.0,SAMPLE_DATA,HIGH,2025-09-16T13:18:30.069828,Affordable,86.2,True,0.0,Low Stress,-20.155038759689926,-18.312387791741468,-9.876543209876553,7.291666666666674,-9.50413223140496,Declining Fast,Declining,23.19524231697033,1.0,2.0,4.404999999999999,-0.024999999999999467,False,False,False,False,0,Stable,False,1204.2554855064388,3791.6666666666665,0.3176058423313685,Moderate Burden,20600.0,2.2637362637362637
East Midlands,2024,Leicester,4.46,222000.0,50100.0,SAMPLE_DATA,HIGH,2025-09-16T13:18:30.069832,Affordable,85.4,True,0.0,Low Stress,7.7669902912621325,10.109890109890118,1.82648401826484,-8.264462809917351,-6.694560669456074,Rising,Stable,15.79781661900226,2.0,1.0,4.335,0.125,True,False,False,False,0,Stable,False,1297.7898921477158,4175.0,0.31084787835873434,Moderate Burden,22200.0,2.215568862275449
North West,2018,Liverpool,4.12,149000.0,36400.0,SAMPLE_DATA,HIGH,2025-09-16T13:18:30.069638,Affordable,88.8,True,0.0,Low Stress,,,,,,Unknown,Unknown,,1.0,2.0,4.765000000000001,-0.6450000000000005,False,False,False,False,0,Stable,False,871.0391618468905,3033.3333333333335,0.287155767641832,Moderate Burden,14900.0,2.0467032967032965
North West,2019,Liverpool,4.18,145000.0,36300.0,SAMPLE_DATA,HIGH,2025-09-16T13:18:30.069642,Affordable,88.2,True,0.0,Low Stress,-2.684563758389258,-0.27472527472527375,1.4563106796116498,,,Stable,Stable,,1.0,2.0,4.515,-0.33499999999999996,False,False,False,False,0,Stable,False,847.6555601865713,3025.0,0.28021671411126325,Moderate Burden,14500.0,1.997245179063361
North West,2020,Liverpool,3.85,162000.0,41500.0,SAMPLE_DATA,HIGH,2025-09-16T13:18:30.069646,Very Affordable,91.5,True,0.0,Low Stress,11.724137931034484,14.325068870523406,-7.894736842105255,,,Rising Fast,Declining,,1.0,2.0,4.335,-0.4849999999999999,False,False,False,False,0,Stable,False,947.0358672429278,3458.3333333333335,0.2738416965521719,Affordable,16200.0,1.9518072289156627
North West,2021,Liverpool,3.9,188000.0,49200.0,SAMPLE_DATA,HIGH,2025-09-16T13:18:30.069650,Very Affordable,91.0,True,0.0,Low Stress,16.049382716049386,18.554216867469876,1.298701298701288,26.174496644295296,-5.339805825242728,Rising Fast,Stable,9.808832561627245,1.0,2.0,4.44,-0.5400000000000005,False,False,True,False,1,Watch,False,1099.0292780350026,4100.0,0.26805592147195184,Affordable,18800.0,1.910569105691057
North West,2022,Liverpool,3.87,198000.0,53100.0,SAMPLE_DATA,HIGH,2025-09-16T13:18:30.069654,Very Affordable,91.3,True,0.0,Low Stress,5.319148936170204,7.92682926829269,-0.7692307692307665,36.55172413793104,-7.416267942583721,Rising,Stable,5.398603885041196,1.0,2.0,4.35,-0.47999999999999954,False,False,False,False,0,Stable,False,1157.4882821858005,4425.0,0.26157927281035037,Affordable,19800.0,1.8644067796610169
North West,2023,Liverpool,3.72,170000.0,46600.0,SAMPLE_DATA,HIGH,2025-09-16T13:18:30.069658,Very Affordable,92.8,True,0.0,Low Stress,-14.141414141414144,-12.241054613935965,-3.875968992248058,4.938271604938271,-3.3766233766233777,Declining Fast,Stable,15.30433297662315,1.0,2.0,4.285,-0.565,False,False,False,False,0,Stable,False,993.8030705635662,3883.3333333333335,0.255914953793193,Affordable,17000.0,1.8240343347639485
North West,2024,Liverpool,3.63,187000.0,52400.0,SAMPLE_DATA,HIGH,2025-09-16T13:18:30.069662,Very Affordable,93.7,True,0.0,Low Stress,10.000000000000009,12.44635193133048,-2.4193548387096864,-0.5319148936170248,-6.923076923076921,Rising Fast,Stable,12.80255025848149,1.0,2.0,4.0649999999999995,-0.4349999999999996,False,False,False,False,0,Stable,False,1093.1833776199228,4366.666666666667,0.25034733838624185,Affordable,18700.0,1.784351145038168
North West,2018,Manchester,5.41,203000.0,39000.0,SAMPLE_DATA,HIGH,2025-09-16T13:18:30.069610,Affordable,75.9,False,0.9100000000000001,Moderate Stress,,,,,,Unknown,Unknown,,2.0,1.0,4.765000000000001,0.6449999999999996,True,False,False,False,0,Stable,False,1186.7177842611995,3250.0,0.36514393361883063,High Burden,20300.0,2.6025641025641026
North West,2019,Manchester,4.85,194000.0,38300.0,SAMPLE_DATA,HIGH,2025-09-16T13:18:30.069614,Affordable,81.5,False,0.34999999999999964,Moderate Stress,-4.433497536945808,-1.7948717948717996,-10.351201478743077,,,Stable,Declining Fast,,2.0,1.0,4.515,0.33499999999999996,True,False,False,False,0,Stable,False,1134.1046805254814,3191.6666666666665,0.3553330591724746,High Burden,19400.0,2.5326370757180157
North West,2020,Manchester,4.82,193000.0,39000.0,SAMPLE_DATA,HIGH,2025-09-16T13:18:30.069618,Affordable,81.8,False,0.3200000000000003,Moderate Stress,-0.5154639175257714,1.8276762402088753,-0.6185567010309145,,,Stable,Stable,,2.0,1.0,4.335,0.4850000000000003,True,False,False,False,0,Stable,False,1128.2587801104016,3250.0,0.3471565477262774,Moderate Burden,19300.0,2.4743589743589745
North West,2021,Manchester,4.98,230000.0,47500.0,SAMPLE_DATA,HIGH,2025-09-16T13:18:30.069622,Affordable,80.2,False,0.4800000000000004,Moderate Stress,19.17098445595855,21.794871794871785,3.319502074688807,13.300492610837434,-7.948243992606274,Rising Fast,Stable,12.64962981775959,2.0,1.0,4.44,0.54,True,False,True,False,1,Watch,False,1344.5570954683544,3958.3333333333335,0.3396775820130579,Moderate Burden,23000.0,2.4210526315789473
North West,2022,Manchester,4.83,256000.0,54200.0,SAMPLE_DATA,HIGH,2025-09-16T13:18:30.069626,Affordable,81.7,False,0.33000000000000007,Moderate Stress,11.304347826086957,14.105263157894733,-3.0120481927710885,31.958762886597935,-0.412371134020606,Rising Fast,Stable,9.909155455795634,2.0,1.0,4.35,0.4800000000000004,True,False,False,False,0,Stable,False,1496.550506260429,4516.666666666667,0.3313395954820138,Moderate Burden,25600.0,2.3616236162361623
North West,2023,Manchester,4.85,228000.0,49300.0,SAMPLE_DATA,HIGH,2025-09-16T13:18:30.069630,Affordable,81.5,False,0.34999999999999964,Moderate Stress,-10.9375,-9.040590405904059,0.41407867494822614,18.134715025906733,0.6224066390041472,Declining Fast,Stable,15.615721793649419,2.0,1.0,4.285,0.5649999999999995,True,False,False,False,0,Stable,False,1332.8652946381947,4108.333333333333,0.32442968632167013,Moderate Burden,22800.0,2.31237322515213
North West,2024,Manchester,4.5,228000.0,50500.0,SAMPLE_DATA,HIGH,2025-09-16T13:18:30.069634,Affordable,85.0,True,0.0,Low Stress,0.0,2.4340770791074995,-7.216494845360821,-0.8695652173912993,-9.63855421686748,Stable,Declining,11.121428121288849,2.0,1.0,4.0649999999999995,0.4350000000000005,True,False,False,False,0,Stable,False,1332.8652946381947,4208.333333333333,0.3167204660526403,Moderate Burden,22800.0,2.257425742574257
North East,2018,Newcastle upon Tyne,4.37,162000.0,38500.0,SAMPLE_DATA,HIGH,2025-09-16T13:18:30.069722,Affordable,86.3,True,0.0,Low Stress,,,,,,Unknown,Unknown,,1.0,1.0,4.37,0.0,False,False,False,False,0,Stable,False,947.0358672429278,3208.3333333333335,0.2951800105692242,Moderate Burden,16200.0,2.103896103896104
North East,2019,Newcastle upon Tyne,4.23,161000.0,39200.0,SAMPLE_DATA,HIGH,2025-09-16T13:18:30.069726,Affordable,87.7,True,0.0,Low Stress,-0.6172839506172867,1.8181818181818077,-3.203661327231111,,,Stable,Stable,,1.0,1.0,4.23,0.0,False,False,False,False,0,Stable,False,941.189966827848,3266.6666666666665,0.28811937760036166,Moderate Burden,16100.0,2.0535714285714284
North East,2020,Newcastle upon Tyne,3.9,181000.0,45200.0,SAMPLE_DATA,HIGH,2025-09-16T13:18:30.069730,Very Affordable,91.0,True,0.0,Low Stress,12.422360248447205,15.306122448979597,-7.801418439716324,,,Rising Fast,Declining,,1.0,1.0,3.9,0.0,False,False,False,False,0,Stable,False,1058.107975129444,3766.6666666666665,0.2809136217157816,Moderate Burden,18100.0,2.002212389380531
North East,2021,Newcastle upon Tyne,3.92,194000.0,49700.0,SAMPLE_DATA,HIGH,2025-09-16T13:18:30.069734,Very Affordable,90.8,True,0.0,Low Stress,7.182320441988943,9.95575221238938,0.512820512820511,19.753086419753085,-10.297482837528605,Rising,Stable,6.561556810857032,1.0,1.0,3.92,0.0,False,False,False,False,0,Stable,False,1134.1046805254814,4141.666666666667,0.2738280918773798,Affordable,19400.0,1.9517102615694164
North East,2022,Newcastle upon Tyne,3.71,229000.0,60000.0,SAMPLE_DATA,HIGH,2025-09-16T13:18:30.069738,Very Affordable,92.9,True,0.0,Low Stress,18.041237113402065,20.724346076458744,-5.35714285714286,42.23602484472049,-12.293144208037832,Rising Fast,Declining,5.430559603967869,1.0,1.0,3.71,0.0,False,False,True,False,1,Watch,False,1338.7111950532744,5000.0,0.26774223901065486,Affordable,22900.0,1.9083333333333334
North East,2023,Newcastle upon Tyne,3.74,195000.0,52100.0,SAMPLE_DATA,HIGH,2025-09-16T13:18:30.069742,Very Affordable,92.6,True,0.0,Low Stress,-14.847161572052403,-13.166666666666671,0.8086253369272267,7.734806629834257,-4.102564102564099,Declining Fast,Stable,16.757390992121795,1.0,1.0,3.74,0.0,False,False,False,False,0,Stable,False,1139.9505809405612,4341.666666666667,0.26256059445847857,Affordable,19500.0,1.871401151631478
North East,2024,Newcastle upon Tyne,3.57,184000.0,50500.0,SAMPLE_DATA,HIGH,2025-09-16T13:18:30.069746,Very Affordable,94.3,True,0.0,Low Stress,-5.641025641025643,-3.0710172744721653,-4.545454545454552,-5.154639175257736,-8.92857142857143,Declining,Stable,16.966875945223872,1.0,1.0,3.57,0.0,False,False,False,False,0,Stable,False,1075.6456763746833,4208.333333333333,0.25559897260388514,Affordable,18400.0,1.8217821782178218
East Midlands,2018,Nottingham,4.86,171000.0,34800.0,SAMPLE_DATA,HIGH,2025-09-16T13:18:30.069778,Affordable,81.4,False,0.3600000000000003,Moderate Stress,,,,,,Unknown,Unknown,,1.0,2.0,5.085,-0.22499999999999964,False,False,False,False,0,Stable,False,999.648970978646,2900.0,0.3447065417167745,Moderate Burden,17100.0,2.456896551724138
East Midlands,2019,Nottingham,4.91,181000.0,37900.0,SAMPLE_DATA,HIGH,2025-09-16T13:18:30.069783,Affordable,80.9,False,0.41000000000000014,Moderate Stress,5.84795321637428,8.908045977011492,1.0288065843621297,,,Rising,Stable,,1.0,2.0,5.045,-0.1349999999999998,False,False,False,False,0,Stable,False,1058.107975129444,3158.3333333333335,0.33502099476394004,Moderate Burden,18100.0,2.387862796833773
East Midlands,2020,Nottingham,4.67,175000.0,37500.0,SAMPLE_DATA,HIGH,2025-09-16T13:18:30.069787,Affordable,83.3,False,0.16999999999999993,Moderate Stress,-3.314917127071826,-1.055408970976257,-4.887983706720977,,,Stable,Stable,,1.0,2.0,4.755,-0.08499999999999996,False,False,False,False,0,Stable,False,1023.0325726389652,3125.0,0.32737042324446886,Moderate Burden,17500.0,2.3333333333333335
East Midlands,2021,Nottingham,4.49,230000.0,50400.0,SAMPLE_DATA,HIGH,2025-09-16T13:18:30.069790,Affordable,85.1,True,0.0,Low Stress,31.428571428571427,34.400000000000006,-3.854389721627405,34.50292397660819,-7.61316872427984,Rising Fast,Stable,18.00664793007067,1.0,2.0,4.635,-0.14499999999999957,False,False,True,False,1,Watch,False,1344.5570954683544,4200.0,0.3201326417781796,Moderate Burden,23000.0,2.2817460317460316
East Midlands,2022,Nottingham,4.68,218000.0,49100.0,SAMPLE_DATA,HIGH,2025-09-16T13:18:30.069794,Affordable,83.2,False,0.17999999999999972,Moderate Stress,-5.21739130434783,-2.5793650793650813,4.231625835189301,20.441988950276247,-4.684317718940944,Declining,Stable,20.630301297015443,1.0,2.0,4.77,-0.08999999999999986,False,False,False,False,0,Stable,False,1274.4062904873967,4091.6666666666665,0.31146385918225583,Moderate Burden,21800.0,2.219959266802444
East Midlands,2023,Nottingham,4.43,208000.0,47800.0,SAMPLE_DATA,HIGH,2025-09-16T13:18:30.069798,Affordable,85.7,True,0.0,Low Stress,-4.587155963302747,-2.647657841140527,-5.341880341880345,18.85714285714286,-5.139186295503217,Stable,Declining,20.9779900561414,2.0,1.0,4.404999999999999,0.025000000000000355,True,False,False,False,0,Stable,False,1215.9472863365986,3983.3333333333335,0.305258732971531,Moderate Burden,20800.0,2.1757322175732217
East Midlands,2024,Nottingham,4.21,191000.0,44900.0,SAMPLE_DATA,HIGH,2025-09-16T13:18:30.069802,Affordable,87.9,True,0.0,Low Stress,-8.173076923076927,-6.066945606694563,-4.966139954853266,-16.956521739130437,-6.23608017817372,Declining,Stable,1.9145105201944987,1.0,2.0,4.335,-0.125,False,False,False,False,0,Stable,False,1116.566979280242,3741.6666666666665,0.2984143374468353,Moderate Burden,19100.0,2.1269487750556793
South East,2018,Oxford,8.66,508000.0,55800.0,SAMPLE_DATA,HIGH,2025-09-16T13:18:30.069492,Unaffordable,43.4,False,4.16,High Stress,,,,,,Unknown,Unknown,,2.0,2.0,8.66,0.0,False,True,False,False,1,Watch,False,2969.717410860539,4650.0,0.6386489055614063,Severe Burden,50800.0,4.551971326164875
South East,2019,Oxford,8.55,580000.0,65400.0,SAMPLE_DATA,HIGH,2025-09-16T13:18:30.069496,Unaffordable,44.5,False,4.050000000000001,High Stress,14.173228346456689,17.204301075268823,-1.2702078521939941,,,Rising Fast,Stable,,2.0,1.0,8.55,0.0,False,True,False,False,1,Watch,False,3390.622240746285,5450.0,0.6221325212378505,Severe Burden,58000.0,4.434250764525994
South East,2020,Oxford,8.35,527000.0,60800.0,SAMPLE_DATA,HIGH,2025-09-16T13:18:30.069500,Unaffordable,46.5,False,3.8499999999999996,High Stress,-9.13793103448276,-7.033639143730886,-2.3391812865497186,,,Declining,Stable,,3.0,3.0,8.19,0.16000000000000014,True,True,False,False,1,Watch,False,3080.7895187470554,5066.666666666667,0.608050562910603,Severe Burden,52700.0,4.333881578947368
South East,2021,Oxford,8.3,619000.0,73200.0,SAMPLE_DATA,HIGH,2025-09-16T13:18:30.069504,Unaffordable,47.0,False,3.8000000000000007,High Stress,17.4573055028463,20.394736842105267,-0.5988023952095634,21.850393700787407,-4.157043879907619,Rising Fast,Stable,14.500011039818578,2.0,1.0,8.3,0.0,False,True,True,False,2,Concern,True,3618.6123569343968,6100.0,0.5932151404810486,Severe Burden,61900.0,4.228142076502732
South East,2022,Oxford,8.17,653000.0,78900.0,SAMPLE_DATA,HIGH,2025-09-16T13:18:30.069510,Unaffordable,48.3,False,3.67,High Stress,5.49273021001615,7.786885245901631,-1.5662650602409678,12.586206896551722,-4.444444444444451,Rising,Stable,13.319871851645612,3.0,3.0,8.11,0.0600000000000005,True,True,False,False,1,Watch,False,3817.3729710471102,6575.0,0.5805890450261765,Severe Burden,65300.0,4.138149556400507
South East,2023,Oxford,8.17,586000.0,72500.0,SAMPLE_DATA,HIGH,2025-09-16T13:18:30.069515,Unaffordable,48.3,False,3.67,High Stress,-10.260336906584989,-8.111533586818753,0.0,11.195445920303616,-2.1556886227544925,Declining Fast,Stable,13.90190566226471,3.0,1.0,8.11,0.0600000000000005,True,True,False,False,1,Watch,False,3425.6976432367637,6041.666666666667,0.567012023708154,Severe Burden,58600.0,4.041379310344827
South East,2024,Oxford,7.57,640000.0,80900.0,SAMPLE_DATA,HIGH,2025-09-16T13:18:30.069519,Stretched,54.3,False,3.0700000000000003,High Stress,9.215017064846421,11.58620689655172,-7.34394124847001,3.392568659127626,-8.79518072289157,Rising,Declining,10.338471480529506,1.0,1.0,7.69,-0.1200000000000001,False,False,False,False,0,Stable,False,3741.3762656510726,6741.666666666667,0.5549631049173408,Severe Burden,64000.0,3.9555006180469716
Yorkshire and Humber,2018,Sheffield,4.77,185000.0,38500.0,SAMPLE_DATA,HIGH,2025-09-16T13:18:30.069694,Affordable,82.3,False,0.2699999999999996,Moderate Stress,,,,,,Unknown,Unknown,,1.0,2.0,5.175,-0.40500000000000025,False,False,False,False,0,Stable,False,1081.4915767897633,3208.3333333333335,0.33708828367473137,Moderate Burden,18500.0,2.4025974025974026
Yorkshire and Humber,2019,Sheffield,4.6,178000.0,37900.0,SAMPLE_DATA,HIGH,2025-09-16T13:18:30.069698,Affordable,84.0,False,0.09999999999999964,Moderate Stress,-3.7837837837837784,-1.558441558441559,-3.563941299790352,,,Stable,Stable,,1.0,2.0,4.885,-0.28500000000000014,False,False,False,False,0,Stable,False,1040.5702738842047,3158.3333333333335,0.3294681605965819,Moderate Burden,17800.0,2.3482849604221636
Yorkshire and Humber,2020,Sheffield,4.64,194000.0,42400.0,SAMPLE_DATA,HIGH,2025-09-16T13:18:30.069702,Affordable,83.6,False,0.13999999999999968,Moderate Stress,8.98876404494382,11.87335092348285,0.8695652173912993,,,Rising,Stable,,1.0,2.0,4.975,-0.33499999999999996,False,False,False,False,0,Stable,False,1134.1046805254814,3533.3333333333335,0.32097302279023054,Moderate Burden,19400.0,2.2877358490566038
Yorkshire and Humber,2021,Sheffield,4.44,226000.0,50700.0,SAMPLE_DATA,HIGH,2025-09-16T13:18:30.069706,Affordable,85.6,True,0.0,Low Stress,16.49484536082475,19.5754716981132,-4.310344827586188,22.162162162162158,-6.918238993710679,Rising Fast,Stable,10.252658474287838,1.0,2.0,4.65,-0.20999999999999996,False,False,True,False,1,Watch,False,1321.1734938080351,4225.0,0.3127037855166947,Moderate Burden,22600.0,2.2287968441814594
Yorkshire and Humber,2022,Sheffield,4.15,250000.0,57400.0,SAMPLE_DATA,HIGH,2025-09-16T13:18:30.069710,Affordable,88.5,True,0.0,Low Stress,10.619469026548668,13.214990138067062,-6.531531531531531,40.4494382022472,-9.782608695652161,Rising Fast,Declining,3.9480058790698163,1.0,2.0,4.57,-0.41999999999999993,False,False,False,False,0,Stable,False,1461.4751037699502,4783.333333333333,0.30553486489964116,Moderate Burden,25000.0,2.177700348432056
Yorkshire and Humber,2023,Sheffield,4.3,197000.0,46300.0,SAMPLE_DATA,HIGH,2025-09-16T13:18:30.069714,Affordable,87.0,True,0.0,Low Stress,-21.199999999999996,-19.33797909407665,3.6144578313252795,1.546391752577314,-7.3275862068965525,Declining Fast,Stable,20.28094353071931,1.0,2.0,4.705,-0.40500000000000025,False,False,False,False,0,Stable,False,1151.642381770721,3858.3333333333335,0.2984818268088261,Moderate Burden,19700.0,2.127429805615551
Yorkshire and Humber,2024,Sheffield,4.16,204000.0,48900.0,SAMPLE_DATA,HIGH,2025-09-16T13:18:30.069718,Affordable,88.4,True,0.0,Low Stress,3.5532994923857864,5.615550755939536,-3.2558139534883623,-9.734513274336287,-6.3063063063063085,Stable,Stable,16.708955666432136,1.0,2.0,4.42,-0.2599999999999998,False,False,False,False,0,Stable,False,1192.5636846762793,4075.0,0.2926536649512342,Moderate Burden,20400.0,2.085889570552147
London,2018,Southwark,8.69,683000.0,81300.0,SAMPLE_DATA,HIGH,2025-09-16T13:18:30.069433,Unaffordable,43.1,False,4.1899999999999995,High Stress,,,,,,Unknown,Unknown,,2.0,3.0,9.315000000000001,-0.6250000000000018,False,True,False,False,1,Watch,False,3992.7499834995037,6775.0,0.5893357909224359,Severe Burden,68300.0,4.200492004920049
London,2019,Southwark,8.15,726000.0,88600.0,SAMPLE_DATA,HIGH,2025-09-16T13:18:30.069437,Unaffordable,48.5,False,3.6500000000000004,High Stress,6.295754026354317,8.979089790897898,-6.214039125431525,,,Rising,Declining,,2.0,3.0,9.305,-1.1549999999999994,False,True,False,False,1,Watch,False,4244.123701347936,7383.333333333333,0.5748248805437385,Severe Burden,72600.0,4.0970654627539504
London,2020,Southwark,7.61,671000.0,83800.0,SAMPLE_DATA,HIGH,2025-09-16T13:18:30.069441,Stretched,53.9,False,3.1100000000000003,High Stress,-7.57575757575758,-5.4176072234762955,-6.62576687116564,,,Declining,Declining,,1.0,4.0,9.27,-1.6599999999999993,False,False,False,False,0,Stable,False,3922.5991785185465,6983.333333333333,0.5617087129143503,Severe Burden,67100.0,4.0035799522673035
London,2021,Southwark,8.01,853000.0,109200.0,SAMPLE_DATA,HIGH,2025-09-16T13:18:30.069445,Unaffordable,49.9,False,3.51,High Stress,27.123695976154984,30.310262529832933,5.256241787122207,24.89019033674964,-7.82508630609896,Rising Fast,Rising,17.46555694690328,2.0,4.0,8.775,-0.7650000000000006,False,True,True,False,2,Concern,True,4986.55305406307,9100.0,0.5479728630838538,Severe Burden,85300.0,3.9056776556776556
London,2022,Southwark,7.78,928000.0,121500.0,SAMPLE_DATA,HIGH,2025-09-16T13:18:30.069449,Stretched,52.2,False,3.2800000000000002,High Stress,8.792497069167649,11.263736263736268,-2.871410736579272,27.8236914600551,-4.539877300613493,Rising,Stable,17.358977937895173,2.0,4.0,8.34,-0.5599999999999996,False,False,False,False,0,Stable,False,5424.995585194056,10125.0,0.5358020331055857,Severe Burden,92800.0,3.8189300411522633
London,2023,Southwark,7.67,788000.0,105500.0,SAMPLE_DATA,HIGH,2025-09-16T13:18:30.069454,Stretched,53.3,False,3.17,High Stress,-15.086206896551724,-13.168724279835386,-1.4138817480719879,17.43666169895679,0.7884362680683266,Declining Fast,Stable,21.16562172082097,2.0,4.0,8.36,-0.6899999999999995,False,False,False,False,0,Stable,False,4606.569527082884,8791.666666666666,0.5239699936018446,Severe Burden,78800.0,3.734597156398104
London,2024,Southwark,7.46,742000.0,101500.0,SAMPLE_DATA,HIGH,2025-09-16T13:18:30.069458,Stretched,55.4,False,2.96,High Stress,-5.837563451776651,-3.791469194312791,-2.7379400260756137,-13.012895662368118,-6.866416978776524,Declining,Stable,12.039992936719525,2.0,4.0,8.07,-0.6100000000000003,False,False,False,False,0,Stable,False,4337.658107989213,8458.333333333334,0.5128265743435523,Severe Burden,74200.0,3.6551724137931036
Wales,2018,Swansea,4.59,176000.0,38200.0,SAMPLE_DATA,HIGH,2025-09-16T13:18:30.069892,Affordable,84.1,False,0.08999999999999986,Moderate Stress,,,,,,Unknown,Unknown,,1.0,2.0,5.1,-0.5099999999999998,False,False,False,False,0,Stable,False,1028.878473054045,3183.3333333333335,0.32320789729446436,Moderate Burden,17600.0,2.303664921465969
Wales,2019,Swansea,4.7,182000.0,40600.0,SAMPLE_DATA,HIGH,2025-09-16T13:18:30.069896,Affordable,83.0,False,0.20000000000000018,Moderate Stress,3.409090909090917,6.282722513089012,2.3965141612200425,,,Stable,Stable,,1.0,2.0,5.135,-0.4349999999999996,False,False,False,False,0,Stable,False,1063.9538755445237,3383.3333333333335,0.3144691257767065,Moderate Burden,18200.0,2.2413793103448274
Wales,2020,Swansea,4.17,197000.0,45000.0,SAMPLE_DATA,HIGH,2025-09-16T13:18:30.069900,Affordable,88.3,True,0.0,Low Stress,8.241758241758234,10.83743842364533,-11.27659574468085,,,Rising,Declining Fast,,1.0,2.0,4.68,-0.5099999999999998,False,False,False,False,0,Stable,False,1151.642381770721,3750.0,0.30710463513885894,Moderate Burden,19700.0,2.188888888888889
Wales,2021,Swansea,4.29,219000.0,51200.0,SAMPLE_DATA,HIGH,2025-09-16T13:18:30.069904,Affordable,87.1,True,0.0,Low Stress,11.16751269035532,13.777777777777779,2.877697841726623,24.431818181818187,-6.5359477124183,Rising Fast,Stable,3.9180739566295704,1.0,2.0,4.76,-0.46999999999999975,False,False,False,False,0,Stable,False,1280.2521909024765,4266.666666666667,0.3000591072427679,Moderate Burden,21900.0,2.138671875
Wales,2022,Swansea,4.07,230000.0,55000.0,SAMPLE_DATA,HIGH,2025-09-16T13:18:30.069908,Affordable,89.3,True,0.0,Low Stress,5.022831050228316,7.421875,-5.128205128205121,26.37362637362637,-13.40425531914894,Rising,Declining,3.0735062446758916,1.0,2.0,4.615,-0.5449999999999999,False,False,False,False,0,Stable,False,1344.5570954683544,4583.333333333333,0.2933579117385501,Moderate Burden,23000.0,2.090909090909091
Wales,2023,Swansea,4.19,213000.0,52000.0,SAMPLE_DATA,HIGH,2025-09-16T13:18:30.069912,Affordable,88.1,True,0.0,Low Stress,-7.391304347826089,-5.454545454545457,2.9484029484029506,8.121827411167516,0.4796163069544557,Declining,Stable,9.454254421479904,1.0,2.0,4.68,-0.4899999999999993,False,False,False,False,0,Stable,False,1245.1767884119977,4333.333333333333,0.28734848963353793,Moderate Burden,21300.0,2.048076923076923
Wales,2024,Swansea,4.13,223000.0,55800.0,SAMPLE_DATA,HIGH,2025-09-16T13:18:30.069916,Affordable,88.7,True,0.0,Low Stress,4.694835680751175,7.307692307692304,-1.4319809069212486,1.82648401826484,-3.7296037296037365,Stable,Stable,7.074521414131176,1.0,2.0,4.43,-0.2999999999999998,False,False,False,False,0,Stable,False,1303.6357925627956,4650.0,0.28035178334683775,Moderate Burden,22300.0,1.9982078853046594
London,2018,Tower Hamlets,7.67,492000.0,63000.0,SAMPLE_DATA,HIGH,2025-09-16T13:18:30.069403,Stretched,53.3,False,3.17,High Stress,,,,,,Unknown,Unknown,,1.0,6.0,9.315000000000001,-1.6450000000000014,False,False,False,False,0,Stable,False,2876.1830042192623,5250.0,0.54784438175605,Severe Burden,49200.0,3.9047619047619047
London,2019,Tower Hamlets,7.89,519000.0,68200.0,SAMPLE_DATA,HIGH,2025-09-16T13:18:30.069408,Stretched,51.1,False,3.3899999999999997,High Stress,5.487804878048785,8.253968253968246,2.8683181225554133,,,Rising,Stable,,1.0,6.0,9.305,-1.415,False,False,False,False,0,Stable,False,3034.0223154264168,5683.333333333333,0.5338455686967303,Severe Burden,51900.0,3.804985337243402
London,2020,Tower Hamlets,7.68,577000.0,77700.0,SAMPLE_DATA,HIGH,2025-09-16T13:18:30.069412,Stretched,53.2,False,3.1799999999999997,High Stress,11.17533718689787,13.929618768328456,-2.6615969581749055,,,Rising Fast,Stable,,2.0,6.0,9.27,-1.5899999999999999,False,False,False,False,0,Stable,False,3373.084539501045,6475.0,0.5209396972202386,Severe Burden,57700.0,3.712998712998713
London,2021,Tower Hamlets,6.99,675000.0,93000.0,SAMPLE_DATA,HIGH,2025-09-16T13:18:30.069416,Stretched,60.1,False,2.49,Moderate Stress,16.984402079722692,19.691119691119695,-8.98437499999999,37.19512195121952,-8.865710560625805,Rising Fast,Declining,5.748405661729003,1.0,6.0,8.775,-1.7850000000000001,False,False,True,False,1,Watch,False,3945.9827801788656,7750.0,0.5091590684101762,Severe Burden,67500.0,3.629032258064516
London,2022,Tower Hamlets,7.41,722000.0,101800.0,SAMPLE_DATA,HIGH,2025-09-16T13:18:30.069420,Stretched,55.9,False,2.91,High Stress,6.962962962962971,9.462365591397859,6.008583690987113,39.113680154142585,-6.083650190114065,Rising,Rising,5.031874625863322,1.0,6.0,8.34,-0.9299999999999997,False,False,False,False,0,Stable,False,4220.740099687617,8483.333333333334,0.4975332141085599,High Burden,72200.0,3.5461689587426326
London,2023,Tower Hamlets,6.71,568000.0,82000.0,SAMPLE_DATA,HIGH,2025-09-16T13:18:30.069424,Stretched,62.9,False,2.21,Moderate Stress,-21.32963988919667,-19.449901768172882,-9.446693657219974,-1.559792027729634,-12.630208333333325,Declining Fast,Declining,19.86985333831576,1.0,6.0,8.36,-1.6499999999999995,False,False,False,False,0,Stable,False,3320.471435765327,6833.333333333333,0.48592264913638933,High Burden,56800.0,3.4634146341463414
London,2024,Tower Hamlets,6.78,654000.0,96400.0,SAMPLE_DATA,HIGH,2025-09-16T13:18:30.069428,Stretched,62.2,False,2.2800000000000002,Moderate Stress,15.140845070422525,17.560975609756092,1.0432190760059745,-3.111111111111109,-3.0042918454935563,Rising Fast,Stable,19.13742147862554,1.0,5.0,8.07,-1.29,False,False,True,False,1,Watch,False,3823.21887146219,8033.333333333333,0.47591936159280374,High Burden,65400.0,3.392116182572614
London,2018,Westminster,12.05,889000.0,77300.0,SAMPLE_DATA,HIGH,2025-09-16T13:18:30.069271,Crisis,9.5,False,7.550000000000001,Severe Stress,,,,,,Unknown,Unknown,,5.0,2.0,9.315000000000001,2.7349999999999994,True,True,False,False,1,Watch,False,5197.005469005943,6441.666666666667,0.8067796329634064,Severe Burden,88900.0,5.750323415265201
London,2019,Westminster,11.18,938000.0,83600.0,SAMPLE_DATA,HIGH,2025-09-16T13:18:30.069281,Crisis,18.2,False,6.68,Severe Stress,5.5118110236220375,8.150064683053039,-7.219917012448141,,,Rising,Declining,,5.0,2.0,9.305,1.875,True,True,False,False,1,Watch,False,5483.454589344853,6966.666666666667,0.7870987448820362,Severe Burden,93800.0,5.610047846889952
London,2020,Westminster,10.57,902000.0,82400.0,SAMPLE_DATA,HIGH,2025-09-16T13:18:30.069287,Crisis,24.3,False,6.07,Severe Stress,-3.8379530916844318,-1.4354066985645897,-5.456171735241499,,,Stable,Declining,,5.0,2.0,9.27,1.3000000000000007,True,True,False,False,1,Watch,False,5273.0021744019805,6866.666666666667,0.7679129380197058,Severe Burden,90200.0,5.473300970873787
London,2021,Westminster,10.26,1081000.0,101100.0,SAMPLE_DATA,HIGH,2025-09-16T13:18:30.069292,Crisis,27.4,False,5.76,Severe Stress,19.84478935698448,22.694174757281548,-2.9328287606433356,21.597300337457813,-14.854771784232367,Rising Fast,Stable,11.928429952613868,5.0,2.0,8.775,1.4849999999999994,True,True,True,False,2,Concern,True,6319.418348701265,8425.0,0.750079329222702,Severe Burden,108100.0,5.346191889218596
London,2022,Westminster,10.46,1208000.0,115600.0,SAMPLE_DATA,HIGH,2025-09-16T13:18:30.069297,Crisis,25.4,False,5.960000000000001,Severe Stress,11.74838112858465,14.342235410484673,1.949317738791434,28.784648187633266,-6.440071556350613,Rising Fast,Stable,12.037150344640102,5.0,2.0,8.34,2.120000000000001,True,True,False,False,1,Watch,False,7061.8477014164,9633.333333333334,0.7330637752335363,Severe Burden,120800.0,5.224913494809688
London,2023,Westminster,10.36,892000.0,87200.0,SAMPLE_DATA,HIGH,2025-09-16T13:18:30.069302,Crisis,26.4,False,5.859999999999999,Severe Stress,-26.158940397350992,-24.567474048442904,-0.9560229445506829,-1.1086474501108667,-1.9867549668874274,Declining Fast,Stable,24.558976643926265,5.0,2.0,8.36,2.0,True,True,False,False,1,Watch,False,5214.543170251182,7266.666666666667,0.7175976839795205,Severe Burden,89200.0,5.114678899082569
London,2024,Westminster,9.55,1055000.0,105500.0,SAMPLE_DATA,HIGH,2025-09-16T13:18:30.069307,Unaffordable,34.5,False,5.050000000000001,High Stress,18.273542600896864,20.9862385321101,-7.818532818532809,-2.405180388529138,-6.920077972709537,Rising Fast,Declining,23.99231926714602,5.0,2.0,8.07,1.4800000000000004,True,True,True,False,2,Concern,True,6167.424937909191,8791.666666666666,0.7015080498095763,Severe Burden,105500.0,5.0
